{"description":"HomePageTest - It should add Case Type|WCWRUI Homepage","passed":true,"pending":false,"os":"windows","sessionId":"0464714ac8f604e3c45e8ca3e7a053dc","instanceId":51868,"browser":{"name":"chrome","version":"83.0.4103.116"},"message":"Passed","browserLogs":[{"level":"SEVERE","message":"https://test.westlawcourtwire.thomson.com/wcwr//rest//role/addOrUpdate - Failed to load resource: the server responded with a status of 500 (Internal Server Error)","timestamp":1593430293672,"type":""},{"level":"SEVERE","message":"https://test.westlawcourtwire.thomson.com/wcwr/main.495ef5315c783d03710a.bundle.js 0:3245732 \"Data Service - Handle Error -> \" Object","timestamp":1593430293672,"type":""}],"screenShotFile":"000400ef-004a-0072-0025-00da00270013.png","timestamp":1593430293797,"duration":9487}
