{"description":"HomePageTest - It should add Case Type|WCWRUI Homepage","passed":true,"pending":false,"os":"windows","sessionId":"4dbb92a96d5d66495c492b84a9abf4f5","instanceId":27784,"browser":{"name":"chrome","version":"83.0.4103.116"},"message":"Passed","browserLogs":[{"level":"SEVERE","message":"https://test.westlawcourtwire.thomson.com/wcwr//rest//role/addOrUpdate - Failed to load resource: the server responded with a status of 500 (Internal Server Error)","timestamp":1593498730177,"type":""},{"level":"SEVERE","message":"https://test.westlawcourtwire.thomson.com/wcwr/main.495ef5315c783d03710a.bundle.js 0:3245732 \"Data Service - Handle Error -> \" Object","timestamp":1593498730177,"type":""}],"screenShotFile":"00320014-0079-0091-001d-006500dc0014.png","timestamp":1593498730286,"duration":9493}
