{"description":"HomePageTest - It should Add New Role!|WCWRUI Homepage","passed":true,"pending":false,"os":"windows","sessionId":"97ba67acd590c32899dc1bf5bc69a31f","instanceId":54616,"browser":{"name":"chrome","version":"83.0.4103.116"},"message":"Passed","browserLogs":[{"level":"WARNING","message":"https://test.westlawcourtwire.thomson.com/wcwr/main.1c8e5c9b0d846e2be100.bundle.js 0 The provided value 'moz-chunked-arraybuffer' is not a valid enum value of type XMLHttpRequestResponseType.","timestamp":1593425555560,"type":""},{"level":"SEVERE","message":"https://test.westlawcourtwire.thomson.com/wcwr/main.1c8e5c9b0d846e2be100.bundle.js 0:1621268 \"ERROR\" Error: Uncaught (in promise): Error: Cannot match any routes. URL Segment: 'users'\nError: Cannot match any routes. URL Segment: 'users'\n    at e.noMatchError (https://test.westlawcourtwire.thomson.com/wcwr/main.1c8e5c9b0d846e2be100.bundle.js:1:2912509)\n    at t.selector (https://test.westlawcourtwire.thomson.com/wcwr/main.1c8e5c9b0d846e2be100.bundle.js:1:2912438)\n    at t.error (https://test.westlawcourtwire.thomson.com/wcwr/main.1c8e5c9b0d846e2be100.bundle.js:1:2897560)\n    at t._error (https://test.westlawcourtwire.thomson.com/wcwr/main.1c8e5c9b0d846e2be100.bundle.js:1:1105698)\n    at t.error (https://test.westlawcourtwire.thomson.com/wcwr/main.1c8e5c9b0d846e2be100.bundle.js:1:1105392)\n    at t._error (https://test.westlawcourtwire.thomson.com/wcwr/main.1c8e5c9b0d846e2be100.bundle.js:1:1105698)\n    at t.error (https://test.westlawcourtwire.thomson.com/wcwr/main.1c8e5c9b0d846e2be100.bundle.js:1:1105392)\n    at t._error (https://test.westlawcourtwire.thomson.com/wcwr/main.1c8e5c9b0d846e2be100.bundle.js:1:1105698)\n    at t.error (https://test.westlawcourtwire.thomson.com/wcwr/main.1c8e5c9b0d846e2be100.bundle.js:1:1105392)\n    at t._error (https://test.westlawcourtwire.thomson.com/wcwr/main.1c8e5c9b0d846e2be100.bundle.js:1:1105698)\n    at i (https://test.westlawcourtwire.thomson.com/wcwr/polyfills.adf473ff3ddc740dfacc.bundle.js:1:35354)\n    at i (https://test.westlawcourtwire.thomson.com/wcwr/polyfills.adf473ff3ddc740dfacc.bundle.js:1:35063)\n    at https://test.westlawcourtwire.thomson.com/wcwr/polyfills.adf473ff3ddc740dfacc.bundle.js:1:35885\n    at e.invokeTask (https://test.westlawcourtwire.thomson.com/wcwr/polyfills.adf473ff3ddc740dfacc.bundle.js:1:31709)\n    at Object.onInvokeTask (https://test.westlawcourtwire.thomson.com/wcwr/main.1c8e5c9b0d846e2be100.bundle.js:1:1634983)\n    at e.invokeTask (https://test.westlawcourtwire.thomson.com/wcwr/polyfills.adf473ff3ddc740dfacc.bundle.js:1:31630)\n    at r.runTask (https://test.westlawcourtwire.thomson.com/wcwr/polyfills.adf473ff3ddc740dfacc.bundle.js:1:26887)\n    at o (https://test.westlawcourtwire.thomson.com/wcwr/polyfills.adf473ff3ddc740dfacc.bundle.js:1:23949)","timestamp":1593425555722,"type":""},{"level":"SEVERE","message":"https://test.westlawcourtwire.thomson.com/favicon.ico - Failed to load resource: the server responded with a status of 404 (Not Found)","timestamp":1593425556240,"type":""},{"level":"SEVERE","message":"https://test.westlawcourtwire.thomson.com/wcwr//rest//file/checkUserImageExist?&userId=undefined - Failed to load resource: the server responded with a status of 400 (Bad Request)","timestamp":1593425556241,"type":""},{"level":"SEVERE","message":"https://test.westlawcourtwire.thomson.com/wcwr/main.1c8e5c9b0d846e2be100.bundle.js 0:3246224 \"Data Service - Handle Error -> \" Object","timestamp":1593425556241,"type":""},{"level":"SEVERE","message":"https://test.westlawcourtwire.thomson.com/wcwr/main.1c8e5c9b0d846e2be100.bundle.js 0:1621268 \"ERROR\" TypeError: Cannot read property 'url' of undefined\n    at https://test.westlawcourtwire.thomson.com/wcwr/main.1c8e5c9b0d846e2be100.bundle.js:1:2690416\n    at t._error (https://test.westlawcourtwire.thomson.com/wcwr/main.1c8e5c9b0d846e2be100.bundle.js:1:2773957)\n    at t.__tryOrUnsub (https://test.westlawcourtwire.thomson.com/wcwr/main.1c8e5c9b0d846e2be100.bundle.js:1:1107282)\n    at t.error (https://test.westlawcourtwire.thomson.com/wcwr/main.1c8e5c9b0d846e2be100.bundle.js:1:1106769)\n    at t._error (https://test.westlawcourtwire.thomson.com/wcwr/main.1c8e5c9b0d846e2be100.bundle.js:1:1105698)\n    at t.error (https://test.westlawcourtwire.thomson.com/wcwr/main.1c8e5c9b0d846e2be100.bundle.js:1:1105392)\n    at t.notifyError (https://test.westlawcourtwire.thomson.com/wcwr/main.1c8e5c9b0d846e2be100.bundle.js:1:4609755)\n    at t._error (https://test.westlawcourtwire.thomson.com/wcwr/main.1c8e5c9b0d846e2be100.bundle.js:1:4652626)\n    at t.error (https://test.westlawcourtwire.thomson.com/wcwr/main.1c8e5c9b0d846e2be100.bundle.js:1:1105392)\n    at t._subscribe (https://test.westlawcourtwire.thomson.com/wcwr/main.1c8e5c9b0d846e2be100.bundle.js:1:3245281)","timestamp":1593425556242,"type":""}],"screenShotFile":"004c0078-000e-00c5-00fd-00900082009a.png","timestamp":1593425557492,"duration":16060}
