{"description":"HomePageTest - It should navigate to WCWR home page!|WCWRUI Homepage","passed":false,"pending":false,"os":"windows","sessionId":"f32b2eba6a69314e78cb78d04ab733c3","instanceId":23760,"browser":{"name":"chrome","version":"83.0.4103.116"},"message":["Error: Timeout - Async callback was not invoked within timeout specified by jasmine.DEFAULT_TIMEOUT_INTERVAL.","Error: Timeout - Async callback was not invoked within timeout specified by jasmine.DEFAULT_TIMEOUT_INTERVAL."],"trace":["Error: Timeout - Async callback was not invoked within timeout specified by jasmine.DEFAULT_TIMEOUT_INTERVAL.\n    at Timeout._onTimeout (C:\\Users\\UX013810\\AppData\\Roaming\\npm\\node_modules\\protractor\\node_modules\\jasmine-core\\lib\\jasmine-core\\jasmine.js:4281:23)\n    at ontimeout (timers.js:436:11)\n    at tryOnTimeout (timers.js:300:5)\n    at listOnTimeout (timers.js:263:5)\n    at Timer.processTimers (timers.js:223:10)","Error: Timeout - Async callback was not invoked within timeout specified by jasmine.DEFAULT_TIMEOUT_INTERVAL.\n    at Timeout._onTimeout (C:\\Users\\UX013810\\AppData\\Roaming\\npm\\node_modules\\protractor\\node_modules\\jasmine-core\\lib\\jasmine-core\\jasmine.js:4281:23)\n    at ontimeout (timers.js:436:11)\n    at tryOnTimeout (timers.js:300:5)\n    at listOnTimeout (timers.js:263:5)\n    at Timer.processTimers (timers.js:223:10)"],"browserLogs":[{"level":"WARNING","message":"https://test.westlawcourtwire.thomson.com/wcwr/main.495ef5315c783d03710a.bundle.js 0 The provided value 'moz-chunked-arraybuffer' is not a valid enum value of type XMLHttpRequestResponseType.","timestamp":1593429686078,"type":""},{"level":"SEVERE","message":"https://test.westlawcourtwire.thomson.com/wcwr/main.495ef5315c783d03710a.bundle.js 0:1621268 \"ERROR\" Error: Uncaught (in promise): Error: Cannot match any routes. URL Segment: 'users'\nError: Cannot match any routes. URL Segment: 'users'\n    at e.noMatchError (https://test.westlawcourtwire.thomson.com/wcwr/main.495ef5315c783d03710a.bundle.js:1:2912017)\n    at t.selector (https://test.westlawcourtwire.thomson.com/wcwr/main.495ef5315c783d03710a.bundle.js:1:2911946)\n    at t.error (https://test.westlawcourtwire.thomson.com/wcwr/main.495ef5315c783d03710a.bundle.js:1:2897068)\n    at t._error (https://test.westlawcourtwire.thomson.com/wcwr/main.495ef5315c783d03710a.bundle.js:1:1105698)\n    at t.error (https://test.westlawcourtwire.thomson.com/wcwr/main.495ef5315c783d03710a.bundle.js:1:1105392)\n    at t._error (https://test.westlawcourtwire.thomson.com/wcwr/main.495ef5315c783d03710a.bundle.js:1:1105698)\n    at t.error (https://test.westlawcourtwire.thomson.com/wcwr/main.495ef5315c783d03710a.bundle.js:1:1105392)\n    at t._error (https://test.westlawcourtwire.thomson.com/wcwr/main.495ef5315c783d03710a.bundle.js:1:1105698)\n    at t.error (https://test.westlawcourtwire.thomson.com/wcwr/main.495ef5315c783d03710a.bundle.js:1:1105392)\n    at t._error (https://test.westlawcourtwire.thomson.com/wcwr/main.495ef5315c783d03710a.bundle.js:1:1105698)\n    at i (https://test.westlawcourtwire.thomson.com/wcwr/polyfills.e3ce8e79cc94b9e0c698.bundle.js:1:35354)\n    at i (https://test.westlawcourtwire.thomson.com/wcwr/polyfills.e3ce8e79cc94b9e0c698.bundle.js:1:35063)\n    at https://test.westlawcourtwire.thomson.com/wcwr/polyfills.e3ce8e79cc94b9e0c698.bundle.js:1:35885\n    at e.invokeTask (https://test.westlawcourtwire.thomson.com/wcwr/polyfills.e3ce8e79cc94b9e0c698.bundle.js:1:31709)\n    at Object.onInvokeTask (https://test.westlawcourtwire.thomson.com/wcwr/main.495ef5315c783d03710a.bundle.js:1:1634983)\n    at e.invokeTask (https://test.westlawcourtwire.thomson.com/wcwr/polyfills.e3ce8e79cc94b9e0c698.bundle.js:1:31630)\n    at r.runTask (https://test.westlawcourtwire.thomson.com/wcwr/polyfills.e3ce8e79cc94b9e0c698.bundle.js:1:26887)\n    at o (https://test.westlawcourtwire.thomson.com/wcwr/polyfills.e3ce8e79cc94b9e0c698.bundle.js:1:23949)","timestamp":1593429686243,"type":""},{"level":"SEVERE","message":"https://test.westlawcourtwire.thomson.com/wcwr//rest//file/checkUserImageExist?&userId=undefined - Failed to load resource: the server responded with a status of 400 (Bad Request)","timestamp":1593429686929,"type":""},{"level":"SEVERE","message":"https://test.westlawcourtwire.thomson.com/wcwr/main.495ef5315c783d03710a.bundle.js 0:3245732 \"Data Service - Handle Error -> \" Object","timestamp":1593429686936,"type":""},{"level":"SEVERE","message":"https://test.westlawcourtwire.thomson.com/wcwr/main.495ef5315c783d03710a.bundle.js 0:1621268 \"ERROR\" TypeError: Cannot read property 'url' of undefined\n    at https://test.westlawcourtwire.thomson.com/wcwr/main.495ef5315c783d03710a.bundle.js:1:2690416\n    at t._error (https://test.westlawcourtwire.thomson.com/wcwr/main.495ef5315c783d03710a.bundle.js:1:2773957)\n    at t.__tryOrUnsub (https://test.westlawcourtwire.thomson.com/wcwr/main.495ef5315c783d03710a.bundle.js:1:1107282)\n    at t.error (https://test.westlawcourtwire.thomson.com/wcwr/main.495ef5315c783d03710a.bundle.js:1:1106769)\n    at t._error (https://test.westlawcourtwire.thomson.com/wcwr/main.495ef5315c783d03710a.bundle.js:1:1105698)\n    at t.error (https://test.westlawcourtwire.thomson.com/wcwr/main.495ef5315c783d03710a.bundle.js:1:1105392)\n    at t.notifyError (https://test.westlawcourtwire.thomson.com/wcwr/main.495ef5315c783d03710a.bundle.js:1:4609263)\n    at t._error (https://test.westlawcourtwire.thomson.com/wcwr/main.495ef5315c783d03710a.bundle.js:1:4652134)\n    at t.error (https://test.westlawcourtwire.thomson.com/wcwr/main.495ef5315c783d03710a.bundle.js:1:1105392)\n    at t._subscribe (https://test.westlawcourtwire.thomson.com/wcwr/main.495ef5315c783d03710a.bundle.js:1:3244789)","timestamp":1593429686938,"type":""},{"level":"WARNING","message":"https://authenticator.pingone.com/pingid/ppm/auth/response?csrfToken=9b058251-b95b-49cc-94eb-5ff6ebbcd6ba&status=OK&getStatusResponse=%7B%22status%22%3A%22OK%22%7D - A cookie associated with a cross-site resource at http://sso.thomsonreuters.com/ was set without the `SameSite` attribute. A future release of Chrome will only deliver cookies with cross-site requests if they are set with `SameSite=None` and `Secure`. You can review cookies in developer tools under Application>Storage>Cookies and see more details at https://www.chromestatus.com/feature/5088147346030592 and https://www.chromestatus.com/feature/5633521622188032.","timestamp":1593429724729,"type":""},{"level":"WARNING","message":"https://test.westlawcourtwire.thomson.com/wcwr/main.495ef5315c783d03710a.bundle.js 0 The provided value 'moz-chunked-arraybuffer' is not a valid enum value of type XMLHttpRequestResponseType.","timestamp":1593429724729,"type":""},{"level":"SEVERE","message":"https://test.westlawcourtwire.thomson.com/wcwr/main.495ef5315c783d03710a.bundle.js 0:1621268 \"ERROR\" Error: Uncaught (in promise): Error: Cannot match any routes. URL Segment: 'users'\nError: Cannot match any routes. URL Segment: 'users'\n    at e.noMatchError (https://test.westlawcourtwire.thomson.com/wcwr/main.495ef5315c783d03710a.bundle.js:1:2912017)\n    at t.selector (https://test.westlawcourtwire.thomson.com/wcwr/main.495ef5315c783d03710a.bundle.js:1:2911946)\n    at t.error (https://test.westlawcourtwire.thomson.com/wcwr/main.495ef5315c783d03710a.bundle.js:1:2897068)\n    at t._error (https://test.westlawcourtwire.thomson.com/wcwr/main.495ef5315c783d03710a.bundle.js:1:1105698)\n    at t.error (https://test.westlawcourtwire.thomson.com/wcwr/main.495ef5315c783d03710a.bundle.js:1:1105392)\n    at t._error (https://test.westlawcourtwire.thomson.com/wcwr/main.495ef5315c783d03710a.bundle.js:1:1105698)\n    at t.error (https://test.westlawcourtwire.thomson.com/wcwr/main.495ef5315c783d03710a.bundle.js:1:1105392)\n    at t._error (https://test.westlawcourtwire.thomson.com/wcwr/main.495ef5315c783d03710a.bundle.js:1:1105698)\n    at t.error (https://test.westlawcourtwire.thomson.com/wcwr/main.495ef5315c783d03710a.bundle.js:1:1105392)\n    at t._error (https://test.westlawcourtwire.thomson.com/wcwr/main.495ef5315c783d03710a.bundle.js:1:1105698)\n    at i (https://test.westlawcourtwire.thomson.com/wcwr/polyfills.e3ce8e79cc94b9e0c698.bundle.js:1:35354)\n    at i (https://test.westlawcourtwire.thomson.com/wcwr/polyfills.e3ce8e79cc94b9e0c698.bundle.js:1:35063)\n    at https://test.westlawcourtwire.thomson.com/wcwr/polyfills.e3ce8e79cc94b9e0c698.bundle.js:1:35885\n    at e.invokeTask (https://test.westlawcourtwire.thomson.com/wcwr/polyfills.e3ce8e79cc94b9e0c698.bundle.js:1:31709)\n    at Object.onInvokeTask (https://test.westlawcourtwire.thomson.com/wcwr/main.495ef5315c783d03710a.bundle.js:1:1634983)\n    at e.invokeTask (https://test.westlawcourtwire.thomson.com/wcwr/polyfills.e3ce8e79cc94b9e0c698.bundle.js:1:31630)\n    at r.runTask (https://test.westlawcourtwire.thomson.com/wcwr/polyfills.e3ce8e79cc94b9e0c698.bundle.js:1:26887)\n    at o (https://test.westlawcourtwire.thomson.com/wcwr/polyfills.e3ce8e79cc94b9e0c698.bundle.js:1:23949)","timestamp":1593429724730,"type":""},{"level":"SEVERE","message":"https://test.westlawcourtwire.thomson.com/wcwr//rest//file/checkUserImageExist?&userId=undefined - Failed to load resource: the server responded with a status of 400 (Bad Request)","timestamp":1593429724730,"type":""},{"level":"SEVERE","message":"https://test.westlawcourtwire.thomson.com/wcwr/main.495ef5315c783d03710a.bundle.js 0:3245732 \"Data Service - Handle Error -> \" Object","timestamp":1593429724730,"type":""},{"level":"SEVERE","message":"https://test.westlawcourtwire.thomson.com/wcwr/main.495ef5315c783d03710a.bundle.js 0:1621268 \"ERROR\" TypeError: Cannot read property 'url' of undefined\n    at https://test.westlawcourtwire.thomson.com/wcwr/main.495ef5315c783d03710a.bundle.js:1:2690416\n    at t._error (https://test.westlawcourtwire.thomson.com/wcwr/main.495ef5315c783d03710a.bundle.js:1:2773957)\n    at t.__tryOrUnsub (https://test.westlawcourtwire.thomson.com/wcwr/main.495ef5315c783d03710a.bundle.js:1:1107282)\n    at t.error (https://test.westlawcourtwire.thomson.com/wcwr/main.495ef5315c783d03710a.bundle.js:1:1106769)\n    at t._error (https://test.westlawcourtwire.thomson.com/wcwr/main.495ef5315c783d03710a.bundle.js:1:1105698)\n    at t.error (https://test.westlawcourtwire.thomson.com/wcwr/main.495ef5315c783d03710a.bundle.js:1:1105392)\n    at t.notifyError (https://test.westlawcourtwire.thomson.com/wcwr/main.495ef5315c783d03710a.bundle.js:1:4609263)\n    at t._error (https://test.westlawcourtwire.thomson.com/wcwr/main.495ef5315c783d03710a.bundle.js:1:4652134)\n    at t.error (https://test.westlawcourtwire.thomson.com/wcwr/main.495ef5315c783d03710a.bundle.js:1:1105392)\n    at t._subscribe (https://test.westlawcourtwire.thomson.com/wcwr/main.495ef5315c783d03710a.bundle.js:1:3244789)","timestamp":1593429724731,"type":""},{"level":"SEVERE","message":"https://test.westlawcourtwire.thomson.com/favicon.ico - Failed to load resource: the server responded with a status of 404 (Not Found)","timestamp":1593429724731,"type":""}],"screenShotFile":"008600b6-009e-0088-00a6-006f002200a9.png","timestamp":1593429664697,"duration":60017}
