{"description":"HomePageTest - It should navigate to WCWR home page!|WCWRUI Homepage","passed":true,"pending":false,"os":"windows","sessionId":"3bbc3fdb19ccef65bd814842a80fa61f","instanceId":38436,"browser":{"name":"chrome","version":"83.0.4103.116"},"message":"Passed","browserLogs":[{"level":"WARNING","message":"https://test.westlawcourtwire.thomson.com/wcwr/main.495ef5315c783d03710a.bundle.js 0 The provided value 'moz-chunked-arraybuffer' is not a valid enum value of type XMLHttpRequestResponseType.","timestamp":1593517208596,"type":""},{"level":"SEVERE","message":"https://test.westlawcourtwire.thomson.com/wcwr/main.495ef5315c783d03710a.bundle.js 0:1621268 \"ERROR\" Error: Uncaught (in promise): Error: Cannot match any routes. URL Segment: 'users'\nError: Cannot match any routes. URL Segment: 'users'\n    at e.noMatchError (https://test.westlawcourtwire.thomson.com/wcwr/main.495ef5315c783d03710a.bundle.js:1:2912017)\n    at t.selector (https://test.westlawcourtwire.thomson.com/wcwr/main.495ef5315c783d03710a.bundle.js:1:2911946)\n    at t.error (https://test.westlawcourtwire.thomson.com/wcwr/main.495ef5315c783d03710a.bundle.js:1:2897068)\n    at t._error (https://test.westlawcourtwire.thomson.com/wcwr/main.495ef5315c783d03710a.bundle.js:1:1105698)\n    at t.error (https://test.westlawcourtwire.thomson.com/wcwr/main.495ef5315c783d03710a.bundle.js:1:1105392)\n    at t._error (https://test.westlawcourtwire.thomson.com/wcwr/main.495ef5315c783d03710a.bundle.js:1:1105698)\n    at t.error (https://test.westlawcourtwire.thomson.com/wcwr/main.495ef5315c783d03710a.bundle.js:1:1105392)\n    at t._error (https://test.westlawcourtwire.thomson.com/wcwr/main.495ef5315c783d03710a.bundle.js:1:1105698)\n    at t.error (https://test.westlawcourtwire.thomson.com/wcwr/main.495ef5315c783d03710a.bundle.js:1:1105392)\n    at t._error (https://test.westlawcourtwire.thomson.com/wcwr/main.495ef5315c783d03710a.bundle.js:1:1105698)\n    at i (https://test.westlawcourtwire.thomson.com/wcwr/polyfills.e3ce8e79cc94b9e0c698.bundle.js:1:35354)\n    at i (https://test.westlawcourtwire.thomson.com/wcwr/polyfills.e3ce8e79cc94b9e0c698.bundle.js:1:35063)\n    at https://test.westlawcourtwire.thomson.com/wcwr/polyfills.e3ce8e79cc94b9e0c698.bundle.js:1:35885\n    at e.invokeTask (https://test.westlawcourtwire.thomson.com/wcwr/polyfills.e3ce8e79cc94b9e0c698.bundle.js:1:31709)\n    at Object.onInvokeTask (https://test.westlawcourtwire.thomson.com/wcwr/main.495ef5315c783d03710a.bundle.js:1:1634983)\n    at e.invokeTask (https://test.westlawcourtwire.thomson.com/wcwr/polyfills.e3ce8e79cc94b9e0c698.bundle.js:1:31630)\n    at r.runTask (https://test.westlawcourtwire.thomson.com/wcwr/polyfills.e3ce8e79cc94b9e0c698.bundle.js:1:26887)\n    at o (https://test.westlawcourtwire.thomson.com/wcwr/polyfills.e3ce8e79cc94b9e0c698.bundle.js:1:23949)","timestamp":1593517208760,"type":""},{"level":"SEVERE","message":"https://test.westlawcourtwire.thomson.com/wcwr//rest//file/checkUserImageExist?&userId=undefined - Failed to load resource: the server responded with a status of 400 (Bad Request)","timestamp":1593517209218,"type":""},{"level":"SEVERE","message":"https://test.westlawcourtwire.thomson.com/wcwr/main.495ef5315c783d03710a.bundle.js 0:3245732 \"Data Service - Handle Error -> \" Object","timestamp":1593517209223,"type":""},{"level":"SEVERE","message":"https://test.westlawcourtwire.thomson.com/wcwr/main.495ef5315c783d03710a.bundle.js 0:1621268 \"ERROR\" TypeError: Cannot read property 'url' of undefined\n    at https://test.westlawcourtwire.thomson.com/wcwr/main.495ef5315c783d03710a.bundle.js:1:2690416\n    at t._error (https://test.westlawcourtwire.thomson.com/wcwr/main.495ef5315c783d03710a.bundle.js:1:2773957)\n    at t.__tryOrUnsub (https://test.westlawcourtwire.thomson.com/wcwr/main.495ef5315c783d03710a.bundle.js:1:1107282)\n    at t.error (https://test.westlawcourtwire.thomson.com/wcwr/main.495ef5315c783d03710a.bundle.js:1:1106769)\n    at t._error (https://test.westlawcourtwire.thomson.com/wcwr/main.495ef5315c783d03710a.bundle.js:1:1105698)\n    at t.error (https://test.westlawcourtwire.thomson.com/wcwr/main.495ef5315c783d03710a.bundle.js:1:1105392)\n    at t.notifyError (https://test.westlawcourtwire.thomson.com/wcwr/main.495ef5315c783d03710a.bundle.js:1:4609263)\n    at t._error (https://test.westlawcourtwire.thomson.com/wcwr/main.495ef5315c783d03710a.bundle.js:1:4652134)\n    at t.error (https://test.westlawcourtwire.thomson.com/wcwr/main.495ef5315c783d03710a.bundle.js:1:1105392)\n    at t._subscribe (https://test.westlawcourtwire.thomson.com/wcwr/main.495ef5315c783d03710a.bundle.js:1:3244789)","timestamp":1593517209226,"type":""},{"level":"WARNING","message":"https://authenticator.pingone.com/pingid/ppm/auth/response?csrfToken=19bf4f5c-241d-4aa8-826a-63899e6622a2&status=OK&getStatusResponse=%7B%22status%22%3A%22OK%22%7D - A cookie associated with a cross-site resource at http://sso.thomsonreuters.com/ was set without the `SameSite` attribute. A future release of Chrome will only deliver cookies with cross-site requests if they are set with `SameSite=None` and `Secure`. You can review cookies in developer tools under Application>Storage>Cookies and see more details at https://www.chromestatus.com/feature/5088147346030592 and https://www.chromestatus.com/feature/5633521622188032.","timestamp":1593517256556,"type":""},{"level":"WARNING","message":"https://test.westlawcourtwire.thomson.com/wcwr/main.495ef5315c783d03710a.bundle.js 0 The provided value 'moz-chunked-arraybuffer' is not a valid enum value of type XMLHttpRequestResponseType.","timestamp":1593517256557,"type":""},{"level":"SEVERE","message":"https://test.westlawcourtwire.thomson.com/wcwr/main.495ef5315c783d03710a.bundle.js 0:1621268 \"ERROR\" Error: Uncaught (in promise): Error: Cannot match any routes. URL Segment: 'users'\nError: Cannot match any routes. URL Segment: 'users'\n    at e.noMatchError (https://test.westlawcourtwire.thomson.com/wcwr/main.495ef5315c783d03710a.bundle.js:1:2912017)\n    at t.selector (https://test.westlawcourtwire.thomson.com/wcwr/main.495ef5315c783d03710a.bundle.js:1:2911946)\n    at t.error (https://test.westlawcourtwire.thomson.com/wcwr/main.495ef5315c783d03710a.bundle.js:1:2897068)\n    at t._error (https://test.westlawcourtwire.thomson.com/wcwr/main.495ef5315c783d03710a.bundle.js:1:1105698)\n    at t.error (https://test.westlawcourtwire.thomson.com/wcwr/main.495ef5315c783d03710a.bundle.js:1:1105392)\n    at t._error (https://test.westlawcourtwire.thomson.com/wcwr/main.495ef5315c783d03710a.bundle.js:1:1105698)\n    at t.error (https://test.westlawcourtwire.thomson.com/wcwr/main.495ef5315c783d03710a.bundle.js:1:1105392)\n    at t._error (https://test.westlawcourtwire.thomson.com/wcwr/main.495ef5315c783d03710a.bundle.js:1:1105698)\n    at t.error (https://test.westlawcourtwire.thomson.com/wcwr/main.495ef5315c783d03710a.bundle.js:1:1105392)\n    at t._error (https://test.westlawcourtwire.thomson.com/wcwr/main.495ef5315c783d03710a.bundle.js:1:1105698)\n    at i (https://test.westlawcourtwire.thomson.com/wcwr/polyfills.e3ce8e79cc94b9e0c698.bundle.js:1:35354)\n    at i (https://test.westlawcourtwire.thomson.com/wcwr/polyfills.e3ce8e79cc94b9e0c698.bundle.js:1:35063)\n    at https://test.westlawcourtwire.thomson.com/wcwr/polyfills.e3ce8e79cc94b9e0c698.bundle.js:1:35885\n    at e.invokeTask (https://test.westlawcourtwire.thomson.com/wcwr/polyfills.e3ce8e79cc94b9e0c698.bundle.js:1:31709)\n    at Object.onInvokeTask (https://test.westlawcourtwire.thomson.com/wcwr/main.495ef5315c783d03710a.bundle.js:1:1634983)\n    at e.invokeTask (https://test.westlawcourtwire.thomson.com/wcwr/polyfills.e3ce8e79cc94b9e0c698.bundle.js:1:31630)\n    at r.runTask (https://test.westlawcourtwire.thomson.com/wcwr/polyfills.e3ce8e79cc94b9e0c698.bundle.js:1:26887)\n    at o (https://test.westlawcourtwire.thomson.com/wcwr/polyfills.e3ce8e79cc94b9e0c698.bundle.js:1:23949)","timestamp":1593517256557,"type":""},{"level":"SEVERE","message":"https://test.westlawcourtwire.thomson.com/favicon.ico - Failed to load resource: the server responded with a status of 404 (Not Found)","timestamp":1593517256558,"type":""},{"level":"SEVERE","message":"https://test.westlawcourtwire.thomson.com/wcwr//rest//file/checkUserImageExist?&userId=undefined - Failed to load resource: the server responded with a status of 400 (Bad Request)","timestamp":1593517256558,"type":""},{"level":"SEVERE","message":"https://test.westlawcourtwire.thomson.com/wcwr/main.495ef5315c783d03710a.bundle.js 0:3245732 \"Data Service - Handle Error -> \" Object","timestamp":1593517256558,"type":""},{"level":"SEVERE","message":"https://test.westlawcourtwire.thomson.com/wcwr/main.495ef5315c783d03710a.bundle.js 0:1621268 \"ERROR\" TypeError: Cannot read property 'url' of undefined\n    at https://test.westlawcourtwire.thomson.com/wcwr/main.495ef5315c783d03710a.bundle.js:1:2690416\n    at t._error (https://test.westlawcourtwire.thomson.com/wcwr/main.495ef5315c783d03710a.bundle.js:1:2773957)\n    at t.__tryOrUnsub (https://test.westlawcourtwire.thomson.com/wcwr/main.495ef5315c783d03710a.bundle.js:1:1107282)\n    at t.error (https://test.westlawcourtwire.thomson.com/wcwr/main.495ef5315c783d03710a.bundle.js:1:1106769)\n    at t._error (https://test.westlawcourtwire.thomson.com/wcwr/main.495ef5315c783d03710a.bundle.js:1:1105698)\n    at t.error (https://test.westlawcourtwire.thomson.com/wcwr/main.495ef5315c783d03710a.bundle.js:1:1105392)\n    at t.notifyError (https://test.westlawcourtwire.thomson.com/wcwr/main.495ef5315c783d03710a.bundle.js:1:4609263)\n    at t._error (https://test.westlawcourtwire.thomson.com/wcwr/main.495ef5315c783d03710a.bundle.js:1:4652134)\n    at t.error (https://test.westlawcourtwire.thomson.com/wcwr/main.495ef5315c783d03710a.bundle.js:1:1105392)\n    at t._subscribe (https://test.westlawcourtwire.thomson.com/wcwr/main.495ef5315c783d03710a.bundle.js:1:3244789)","timestamp":1593517256558,"type":""}],"screenShotFile":"008f00c1-008e-0059-00a7-00a700270097.png","timestamp":1593517188129,"duration":68411}
