{"description":"HomePageTest - It should add Case Type|WCWRUI Homepage","passed":true,"pending":false,"os":"windows","sessionId":"adf5b4bdbd272e5254565f123ab5099f","instanceId":27428,"browser":{"name":"chrome","version":"83.0.4103.116"},"message":"Passed","browserLogs":[{"level":"SEVERE","message":"https://test.westlawcourtwire.thomson.com/wcwr//rest//role/addOrUpdate - Failed to load resource: the server responded with a status of 500 (Internal Server Error)","timestamp":1593451393615,"type":""},{"level":"SEVERE","message":"https://test.westlawcourtwire.thomson.com/wcwr/main.495ef5315c783d03710a.bundle.js 0:3245732 \"Data Service - Handle Error -> \" Object","timestamp":1593451393702,"type":""}],"screenShotFile":"00c2005b-0038-007c-00f5-005200db0020.png","timestamp":1593451393792,"duration":9442}
