{"description":"HomePageTest - It should navigate to WCWR home page!|WCWRUI Homepage","passed":false,"pending":false,"os":"windows","sessionId":"49bca16be3c013a20024f10593e7c135","instanceId":54368,"browser":{"name":"chrome","version":"83.0.4103.116"},"message":["Failed: no such window: target window already closed\nfrom unknown error: web view not found\n  (Session info: chrome=83.0.4103.116)\nBuild info: version: '3.141.59', revision: 'e82be7d358', time: '2018-11-14T08:25:53'\nSystem info: host: 'SP2DEVVDITCM032', ip: '10.25.71.41', os.name: 'Windows 7', os.arch: 'amd64', os.version: '6.1', java.version: '1.8.0_231'\nDriver info: driver.version: unknown"],"trace":["NoSuchWindowError: no such window: target window already closed\nfrom unknown error: web view not found\n  (Session info: chrome=83.0.4103.116)\nBuild info: version: '3.141.59', revision: 'e82be7d358', time: '2018-11-14T08:25:53'\nSystem info: host: 'SP2DEVVDITCM032', ip: '10.25.71.41', os.name: 'Windows 7', os.arch: 'amd64', os.version: '6.1', java.version: '1.8.0_231'\nDriver info: driver.version: unknown\n    at Object.checkLegacyResponse (C:\\Users\\UX013810\\AppData\\Roaming\\npm\\node_modules\\protractor\\node_modules\\selenium-webdriver\\lib\\error.js:546:15)\n    at parseHttpResponse (C:\\Users\\UX013810\\AppData\\Roaming\\npm\\node_modules\\protractor\\node_modules\\selenium-webdriver\\lib\\http.js:509:13)\n    at doSend.then.response (C:\\Users\\UX013810\\AppData\\Roaming\\npm\\node_modules\\protractor\\node_modules\\selenium-webdriver\\lib\\http.js:441:30)\n    at process._tickCallback (internal/process/next_tick.js:68:7)\nFrom: Task: WebDriver.findElements(By(css selector, *[id=\"username\"]))\n    at thenableWebDriverProxy.schedule (C:\\Users\\UX013810\\AppData\\Roaming\\npm\\node_modules\\protractor\\node_modules\\selenium-webdriver\\lib\\webdriver.js:807:17)\n    at thenableWebDriverProxy.findElements (C:\\Users\\UX013810\\AppData\\Roaming\\npm\\node_modules\\protractor\\node_modules\\selenium-webdriver\\lib\\webdriver.js:1048:19)\n    at ptor.waitForAngular.then (C:\\Users\\UX013810\\AppData\\Roaming\\npm\\node_modules\\protractor\\built\\element.js:159:44)\n    at ManagedPromise.invokeCallback_ (C:\\Users\\UX013810\\AppData\\Roaming\\npm\\node_modules\\protractor\\node_modules\\selenium-webdriver\\lib\\promise.js:1376:14)\n    at TaskQueue.execute_ (C:\\Users\\UX013810\\AppData\\Roaming\\npm\\node_modules\\protractor\\node_modules\\selenium-webdriver\\lib\\promise.js:3084:14)\n    at TaskQueue.executeNext_ (C:\\Users\\UX013810\\AppData\\Roaming\\npm\\node_modules\\protractor\\node_modules\\selenium-webdriver\\lib\\promise.js:3067:27)\n    at asyncRun (C:\\Users\\UX013810\\AppData\\Roaming\\npm\\node_modules\\protractor\\node_modules\\selenium-webdriver\\lib\\promise.js:2927:27)\n    at C:\\Users\\UX013810\\AppData\\Roaming\\npm\\node_modules\\protractor\\node_modules\\selenium-webdriver\\lib\\promise.js:668:7Error\n    at ElementArrayFinder.applyAction_ (C:\\Users\\UX013810\\AppData\\Roaming\\npm\\node_modules\\protractor\\built\\element.js:459:27)\n    at ElementArrayFinder.(anonymous function).args [as sendKeys] (C:\\Users\\UX013810\\AppData\\Roaming\\npm\\node_modules\\protractor\\built\\element.js:91:29)\n    at ElementFinder.(anonymous function).args [as sendKeys] (C:\\Users\\UX013810\\AppData\\Roaming\\npm\\node_modules\\protractor\\built\\element.js:831:22)\n    at UserContext.<anonymous> (C:\\Users\\UX013810\\workspace\\Poc_Wcwrui\\Tests\\HomePageTest.js:16:20)\n    at C:\\Users\\UX013810\\AppData\\Roaming\\npm\\node_modules\\protractor\\node_modules\\jasminewd2\\index.js:112:25\n    at new ManagedPromise (C:\\Users\\UX013810\\AppData\\Roaming\\npm\\node_modules\\protractor\\node_modules\\selenium-webdriver\\lib\\promise.js:1077:7)\n    at ControlFlow.promise (C:\\Users\\UX013810\\AppData\\Roaming\\npm\\node_modules\\protractor\\node_modules\\selenium-webdriver\\lib\\promise.js:2505:12)\n    at schedulerExecute (C:\\Users\\UX013810\\AppData\\Roaming\\npm\\node_modules\\protractor\\node_modules\\jasminewd2\\index.js:95:18)\n    at TaskQueue.execute_ (C:\\Users\\UX013810\\AppData\\Roaming\\npm\\node_modules\\protractor\\node_modules\\selenium-webdriver\\lib\\promise.js:3084:14)\n    at TaskQueue.executeNext_ (C:\\Users\\UX013810\\AppData\\Roaming\\npm\\node_modules\\protractor\\node_modules\\selenium-webdriver\\lib\\promise.js:3067:27)\nFrom: Task: Run it(\"HomePageTest - It should navigate to WCWR home page!\") in control flow\n    at UserContext.<anonymous> (C:\\Users\\UX013810\\AppData\\Roaming\\npm\\node_modules\\protractor\\node_modules\\jasminewd2\\index.js:94:19)\n    at attempt (C:\\Users\\UX013810\\AppData\\Roaming\\npm\\node_modules\\protractor\\node_modules\\jasmine-core\\lib\\jasmine-core\\jasmine.js:4297:26)\n    at QueueRunner.run (C:\\Users\\UX013810\\AppData\\Roaming\\npm\\node_modules\\protractor\\node_modules\\jasmine-core\\lib\\jasmine-core\\jasmine.js:4217:20)\n    at runNext (C:\\Users\\UX013810\\AppData\\Roaming\\npm\\node_modules\\protractor\\node_modules\\jasmine-core\\lib\\jasmine-core\\jasmine.js:4257:20)\n    at C:\\Users\\UX013810\\AppData\\Roaming\\npm\\node_modules\\protractor\\node_modules\\jasmine-core\\lib\\jasmine-core\\jasmine.js:4264:13\n    at C:\\Users\\UX013810\\AppData\\Roaming\\npm\\node_modules\\protractor\\node_modules\\jasmine-core\\lib\\jasmine-core\\jasmine.js:4172:9\n    at C:\\Users\\UX013810\\AppData\\Roaming\\npm\\node_modules\\protractor\\node_modules\\jasminewd2\\index.js:64:48\n    at ControlFlow.emit (C:\\Users\\UX013810\\AppData\\Roaming\\npm\\node_modules\\protractor\\node_modules\\selenium-webdriver\\lib\\events.js:62:21)\n    at ControlFlow.shutdown_ (C:\\Users\\UX013810\\AppData\\Roaming\\npm\\node_modules\\protractor\\node_modules\\selenium-webdriver\\lib\\promise.js:2674:10)\n    at shutdownTask_.MicroTask (C:\\Users\\UX013810\\AppData\\Roaming\\npm\\node_modules\\protractor\\node_modules\\selenium-webdriver\\lib\\promise.js:2599:53)\nFrom asynchronous test: \nError\n    at Suite.<anonymous> (C:\\Users\\UX013810\\workspace\\Poc_Wcwrui\\Tests\\HomePageTest.js:9:3)\n    at addSpecsToSuite (C:\\Users\\UX013810\\AppData\\Roaming\\npm\\node_modules\\protractor\\node_modules\\jasmine-core\\lib\\jasmine-core\\jasmine.js:1107:25)\n    at Env.describe (C:\\Users\\UX013810\\AppData\\Roaming\\npm\\node_modules\\protractor\\node_modules\\jasmine-core\\lib\\jasmine-core\\jasmine.js:1074:7)\n    at describe (C:\\Users\\UX013810\\AppData\\Roaming\\npm\\node_modules\\protractor\\node_modules\\jasmine-core\\lib\\jasmine-core\\jasmine.js:4399:18)\n    at Object.<anonymous> (C:\\Users\\UX013810\\workspace\\Poc_Wcwrui\\Tests\\HomePageTest.js:6:1)\n    at Module._compile (internal/modules/cjs/loader.js:689:30)\n    at Object.Module._extensions..js (internal/modules/cjs/loader.js:700:10)\n    at Module.load (internal/modules/cjs/loader.js:599:32)\n    at tryModuleLoad (internal/modules/cjs/loader.js:538:12)"],"browserLogs":[],"timestamp":1593456971384,"duration":12368}
